Location,AVG Time
1,131.67179487179487
10,164.92857142857142
11,5219.69587628866
12,385.61538461538464
13,184.21428571428572
14,61.11594202898551
2,24776.31111111111
3,5.3125
4,793.0769230769231
5,17.40740740740741
6,8.077277970011535
7,17.447852760736197
9,6.651376146788991

